pressure,flow_rate
0.0291875, 1.7e-7
0.0494616, 2.55e-7
0.0739279, 3.4e-7
0.101931, 4.25e-7
0.134303, 5.10e-7
0.170361, 5.95e-7
0.208613, 6.8e-7
0.252793, 7.65e-7
0.299217, 8.50e-7
