pressure,flow_rate
0.0297866, 1.7e-7
0.0502886, 2.55e-7
0.0745671, 3.4e-7
0.102777, 4.25e-7
0.135422, 5.10e-7
0.170764, 5.95e-7
0.210611, 6.8e-7
0.254369, 7.65e-7
0.299833, 8.50e-7
