pressure,flow_rate
0.0171566, 3.4e-8
0.0538981, 8.5e-8
0.147466, 1.7e-7
0.276543, 2.55e-7
0.43543, 3.4e-7
0.626989, 4.25e-7
0.850538, 5.10e-7
1.0928, 5.95e-7
1.35314, 6.8e-7
1.6492, 7.65e-7
1.9828, 8.50e-7
