pressure,flow_rate
0.0387039, 1.7e-8
0.0886714, 3.4e-8
0.314418, 8.5e-8
0.95376, 1.7e-7
1.88876, 2.55e-7
3.11363, 3.4e-7
4.58118, 4.25e-7
6.32188, 5.10e-7
8.2177, 5.95e-7
10.2892, 6.8e-7
12.5995, 7.65e-7
15.1562, 8.50e-7
