pressure,flow_rate
0.0373842, 1.7e-8
0.0868401, 3.4e-8
0.309284, 8.5e-8
0.936885, 1.7e-7
1.82719, 2.55e-7
2.98583, 3.4e-7
4.35634, 4.25e-7
5.89893, 5.10e-7
7.73748, 5.95e-7
9.68486, 6.8e-7
11.9283, 7.65e-7
14.3833, 8.50e-7
